{
  "model": "gemma",
  "model_name": "google/gemma-3-27b-it",
  "num_layers": 62,
  "peak_separation_layer": 61,
  "peak_separation_value": 30605.1796875,
  "peak_probe_layer": 25,
  "peak_probe_accuracy": 0.985,
  "separation_by_layer": {
    "0": {
      "l2_separation": 38.96377182006836
    },
    "1": {
      "l2_separation": 31.53925132751465
    },
    "2": {
      "l2_separation": 29.863435745239258
    },
    "3": {
      "l2_separation": 29.02547264099121
    },
    "4": {
      "l2_separation": 29.330007553100586
    },
    "5": {
      "l2_separation": 31.16674041748047
    },
    "6": {
      "l2_separation": 32.794166564941406
    },
    "7": {
      "l2_separation": 29.023351669311523
    },
    "8": {
      "l2_separation": 34.250370025634766
    },
    "9": {
      "l2_separation": 36.34228515625
    },
    "10": {
      "l2_separation": 58.51225280761719
    },
    "11": {
      "l2_separation": 53.7745361328125
    },
    "12": {
      "l2_separation": 58.03630065917969
    },
    "13": {
      "l2_separation": 73.15786743164062
    },
    "14": {
      "l2_separation": 115.41024017333984
    },
    "15": {
      "l2_separation": 125.79631805419922
    },
    "16": {
      "l2_separation": 182.9620361328125
    },
    "17": {
      "l2_separation": 159.7967529296875
    },
    "18": {
      "l2_separation": 303.38037109375
    },
    "19": {
      "l2_separation": 428.75341796875
    },
    "20": {
      "l2_separation": 545.5783081054688
    },
    "21": {
      "l2_separation": 542.082763671875
    },
    "22": {
      "l2_separation": 875.99169921875
    },
    "23": {
      "l2_separation": 681.21240234375
    },
    "24": {
      "l2_separation": 878.7911376953125
    },
    "25": {
      "l2_separation": 1301.50244140625
    },
    "26": {
      "l2_separation": 2169.8154296875
    },
    "27": {
      "l2_separation": 1921.3377685546875
    },
    "28": {
      "l2_separation": 3975.495849609375
    },
    "29": {
      "l2_separation": 2949.88671875
    },
    "30": {
      "l2_separation": 2896.092041015625
    },
    "31": {
      "l2_separation": 3358.504638671875
    },
    "32": {
      "l2_separation": 3763.911865234375
    },
    "33": {
      "l2_separation": 3975.5634765625
    },
    "34": {
      "l2_separation": 4311.72412109375
    },
    "35": {
      "l2_separation": 5010.5927734375
    },
    "36": {
      "l2_separation": 5659.77294921875
    },
    "37": {
      "l2_separation": 6245.7890625
    },
    "38": {
      "l2_separation": 6545.11376953125
    },
    "39": {
      "l2_separation": 7548.30224609375
    },
    "40": {
      "l2_separation": 8214.5458984375
    },
    "41": {
      "l2_separation": 8471.5673828125
    },
    "42": {
      "l2_separation": 8612.15234375
    },
    "43": {
      "l2_separation": 8841.1953125
    },
    "44": {
      "l2_separation": 8825.7998046875
    },
    "45": {
      "l2_separation": 9884.076171875
    },
    "46": {
      "l2_separation": 10672.0615234375
    },
    "47": {
      "l2_separation": 10812.3583984375
    },
    "48": {
      "l2_separation": 11459.9677734375
    },
    "49": {
      "l2_separation": 11865.125
    },
    "50": {
      "l2_separation": 12120.587890625
    },
    "51": {
      "l2_separation": 12124.3173828125
    },
    "52": {
      "l2_separation": 12725.7548828125
    },
    "53": {
      "l2_separation": 12897.2705078125
    },
    "54": {
      "l2_separation": 13544.3994140625
    },
    "55": {
      "l2_separation": 15391.087890625
    },
    "56": {
      "l2_separation": 17287.203125
    },
    "57": {
      "l2_separation": 19046.015625
    },
    "58": {
      "l2_separation": 20624.9140625
    },
    "59": {
      "l2_separation": 21314.12890625
    },
    "60": {
      "l2_separation": 22637.947265625
    },
    "61": {
      "l2_separation": 30605.1796875
    }
  },
  "probe_by_layer": {
    "0": {
      "accuracy": 0.6799999999999999,
      "ci_low": 0.5276904112141545,
      "ci_high": 0.8323095887858454
    },
    "1": {
      "accuracy": 0.6649999999999999,
      "ci_low": 0.5084782919572952,
      "ci_high": 0.8215217080427046
    },
    "2": {
      "accuracy": 0.675,
      "ci_low": 0.5170992194252887,
      "ci_high": 0.8329007805747114
    },
    "3": {
      "accuracy": 0.6799999999999999,
      "ci_low": 0.5507945838068246,
      "ci_high": 0.8092054161931753
    },
    "4": {
      "accuracy": 0.6699999999999999,
      "ci_low": 0.5804354354462505,
      "ci_high": 0.7595645645537493
    },
    "5": {
      "accuracy": 0.6900000000000001,
      "ci_low": 0.5934461524526595,
      "ci_high": 0.7865538475473406
    },
    "6": {
      "accuracy": 0.7150000000000001,
      "ci_low": 0.6304152000137859,
      "ci_high": 0.7995847999862142
    },
    "7": {
      "accuracy": 0.7000000000000001,
      "ci_low": 0.6341508225186188,
      "ci_high": 0.7658491774813814
    },
    "8": {
      "accuracy": 0.76,
      "ci_low": 0.7069106958631647,
      "ci_high": 0.8130893041368353
    },
    "9": {
      "accuracy": 0.7499999999999999,
      "ci_low": 0.6408014927703689,
      "ci_high": 0.8591985072296309
    },
    "10": {
      "accuracy": 0.8049999999999999,
      "ci_low": 0.6295394327995071,
      "ci_high": 0.9804605672004928
    },
    "11": {
      "accuracy": 0.8800000000000001,
      "ci_low": 0.8109368000128006,
      "ci_high": 0.9490631999871997
    },
    "12": {
      "accuracy": 0.8800000000000001,
      "ci_low": 0.8192900580734236,
      "ci_high": 0.9407099419265766
    },
    "13": {
      "accuracy": 0.9100000000000001,
      "ci_low": 0.825415200013786,
      "ci_high": 0.9945847999862143
    },
    "14": {
      "accuracy": 0.8949999999999999,
      "ci_low": 0.7576606514463575,
      "ci_high": 1.0
    },
    "15": {
      "accuracy": 0.95,
      "ci_low": 0.8841508225186187,
      "ci_high": 1.0
    },
    "16": {
      "accuracy": 0.9349999999999999,
      "ci_low": 0.8384461524526594,
      "ci_high": 1.0
    },
    "17": {
      "accuracy": 0.975,
      "ci_low": 0.9179729394828136,
      "ci_high": 1.0
    },
    "18": {
      "accuracy": 0.975,
      "ci_low": 0.9420754112593093,
      "ci_high": 1.0
    },
    "19": {
      "accuracy": 0.975,
      "ci_low": 0.9420754112593093,
      "ci_high": 1.0
    },
    "20": {
      "accuracy": 0.9799999999999999,
      "ci_low": 0.941043101236866,
      "ci_high": 1.0
    },
    "21": {
      "accuracy": 0.9799999999999999,
      "ci_low": 0.941043101236866,
      "ci_high": 1.0
    },
    "22": {
      "accuracy": 0.975,
      "ci_low": 0.9284376000673586,
      "ci_high": 1.0
    },
    "23": {
      "accuracy": 0.975,
      "ci_low": 0.9284376000673586,
      "ci_high": 1.0
    },
    "24": {
      "accuracy": 0.9800000000000001,
      "ci_low": 0.9289934464506308,
      "ci_high": 1.0
    },
    "25": {
      "accuracy": 0.985,
      "ci_low": 0.9433533234220329,
      "ci_high": 1.0
    },
    "26": {
      "accuracy": 0.9799999999999999,
      "ci_low": 0.941043101236866,
      "ci_high": 1.0
    },
    "27": {
      "accuracy": 0.9799999999999999,
      "ci_low": 0.941043101236866,
      "ci_high": 1.0
    },
    "28": {
      "accuracy": 0.9799999999999999,
      "ci_low": 0.941043101236866,
      "ci_high": 1.0
    },
    "29": {
      "accuracy": 0.9799999999999999,
      "ci_low": 0.941043101236866,
      "ci_high": 1.0
    },
    "30": {
      "accuracy": 0.9799999999999999,
      "ci_low": 0.941043101236866,
      "ci_high": 1.0
    },
    "31": {
      "accuracy": 0.985,
      "ci_low": 0.9594967232253153,
      "ci_high": 1.0
    },
    "32": {
      "accuracy": 0.9799999999999999,
      "ci_low": 0.941043101236866,
      "ci_high": 1.0
    },
    "33": {
      "accuracy": 0.9799999999999999,
      "ci_low": 0.941043101236866,
      "ci_high": 1.0
    },
    "34": {
      "accuracy": 0.9799999999999999,
      "ci_low": 0.941043101236866,
      "ci_high": 1.0
    },
    "35": {
      "accuracy": 0.975,