{
  "model_key": "llama",
  "model_name": "meta-llama/Llama-3.1-8B-Instruct",
  "short_name": "llama3.1-8b",
  "num_layers": 32,
  "hidden_dim": 4096,
  "n_harmful_prompts": 100,
  "n_harmless_prompts": 100,
  "peak_separation_layer": 31,
  "peak_separation_value": 14.261780738830566,
  "peak_separation_fraction": 0.96875,
  "peak_probe_layer": 10,
  "peak_probe_accuracy": 1.0,
  "peak_probe_fraction": 0.3125,
  "separation_by_layer": {
    "0": {
      "l2_separation": 0.08438245207071304,
      "cosine_similarity": 0.9970073103904724,
      "cosine_separation": 0.002992689609527588
    },
    "1": {
      "l2_separation": 0.0961264967918396,
      "cosine_similarity": 0.9955666065216064,
      "cosine_separation": 0.004433393478393555
    },
    "2": {
      "l2_separation": 0.13645978271961212,
      "cosine_similarity": 0.9963833689689636,
      "cosine_separation": 0.003616631031036377
    },
    "3": {
      "l2_separation": 0.3019869029521942,
      "cosine_similarity": 0.9897990822792053,
      "cosine_separation": 0.010200917720794678
    },
    "4": {
      "l2_separation": 0.5442513227462769,
      "cosine_similarity": 0.9814871549606323,
      "cosine_separation": 0.018512845039367676
    },
    "5": {
      "l2_separation": 0.6963109970092773,
      "cosine_similarity": 0.9752303957939148,
      "cosine_separation": 0.024769604206085205
    },
    "6": {
      "l2_separation": 0.8968441486358643,
      "cosine_similarity": 0.9695065021514893,
      "cosine_separation": 0.030493497848510742
    },
    "7": {
      "l2_separation": 1.0551962852478027,
      "cosine_similarity": 0.9688459634780884,
      "cosine_separation": 0.03115403652191162
    },
    "8": {
      "l2_separation": 1.2118133306503296,
      "cosine_similarity": 0.9674243330955505,
      "cosine_separation": 0.03257566690444946
    },
    "9": {
      "l2_separation": 1.482919692993164,
      "cosine_similarity": 0.9555304050445557,
      "cosine_separation": 0.044469594955444336
    },
    "10": {
      "l2_separation": 1.9585331678390503,
      "cosine_similarity": 0.9389305710792542,
      "cosine_separation": 0.06106942892074585
    },
    "11": {
      "l2_separation": 2.3890626430511475,
      "cosine_similarity": 0.9039928317070007,
      "cosine_separation": 0.09600716829299927
    },
    "12": {
      "l2_separation": 2.6874876022338867,
      "cosine_similarity": 0.9279798865318298,
      "cosine_separation": 0.07202011346817017
    },
    "13": {
      "l2_separation": 2.768601894378662,
      "cosine_similarity": 0.8985203504562378,
      "cosine_separation": 0.10147964954376221
    },
    "14": {
      "l2_separation": 2.9779052734375,
      "cosine_similarity": 0.8930997252464294,
      "cosine_separation": 0.10690027475357056
    },
    "15": {
      "l2_separation": 3.4140818119049072,
      "cosine_similarity": 0.8704012632369995,
      "cosine_separation": 0.1295987367630005
    },
    "16": {
      "l2_separation": 3.7804765701293945,
      "cosine_similarity": 0.8786501288414001,
      "cosine_separation": 0.12134987115859985
    },
    "17": {
      "l2_separation": 4.021660804748535,
      "cosine_similarity": 0.8735478520393372,
      "cosine_separation": 0.12645214796066284
    },
    "18": {
      "l2_separation": 4.422822952270508,
      "cosine_similarity": 0.8743565678596497,
      "cosine_separation": 0.12564343214035034
    },
    "19": {
      "l2_separation": 4.6454949378967285,
      "cosine_similarity": 0.871066153049469,
      "cosine_separation": 0.128933846950531
    },
    "20": {
      "l2_separation": 5.000373840332031,
      "cosine_similarity": 0.8650964498519897,
      "cosine_separation": 0.13490355014801025
    },
    "21": {
      "l2_separation": 5.402733325958252,
      "cosine_similarity": 0.8585436940193176,
      "cosine_separation": 0.14145630598068237
    },
    "22": {
      "l2_separation": 5.886196613311768,
      "cosine_similarity": 0.8374271988868713,
      "cosine_separation": 0.16257280111312866
    },
    "23": {
      "l2_separation": 6.457076549530029,
      "cosine_similarity": 0.8292605876922607,
      "cosine_separation": 0.17073941230773926
    },
    "24": {
      "l2_separation": 6.889967918395996,
      "cosine_similarity": 0.8250328898429871,
      "cosine_separation": 0.17496711015701294
    },
    "25": {
      "l2_separation": 7.394826412200928,
      "cosine_similarity": 0.8300850987434387,
      "cosine_separation": 0.16991490125656128
    },
    "26": {
      "l2_separation": 7.971263885498047,
      "cosine_similarity": 0.8117139935493469,
      "cosine_separation": 0.18828600645065308
    },
    "27": {
      "l2_separation": 8.552202224731445,
      "cosine_similarity": 0.8351553082466125,
      "cosine_separation": 0.16484469175338745
    },
    "28": {
      "l2_separation": 8.982450485229492,
      "cosine_similarity": 0.848176121711731,
      "cosine_separation": 0.15182387828826904
    },
    "29": {
      "l2_separation": 9.742630958557129,
      "cosine_similarity": 0.8600419163703918,
      "cosine_separation": 0.13995808362960815
    },
    "30": {
      "l2_separation": 11.675769805908203,
      "cosine_similarity": 0.8502087593078613,
      "cosine_separation": 0.14979124069213867
    },
    "31": {
      "l2_separation": 14.261780738830566,
      "cosine_similarity": 0.8285762071609497,
      "cosine_separation": 0.1714237928390503
    }
  },
  "probe_by_layer": {
    "0": {
      "accuracy": 0.425,
      "std": 0.041833001326703784,
      "ci_low": 0.3378897261730552,
      "ci_high": 0.5121102738269447,
      "cv_scores": [
        0.425,
        0.45,
        0.425,
        0.475,
        0.35
      ],
      "n_samples": 200
    },
    "1": {
      "accuracy": 0.47000000000000003,
      "std": 0.10173494974687904,
      "ci_low": 0.2581538725608003,
      "ci_high": 0.6818461274391998,
      "cv_scores": [
        0.425,
        0.625,
        0.4,
        0.55,
        0.35
      ],
      "n_samples": 200
    },
    "2": {
      "accuracy": 0.4750000000000001,
      "std": 0.10606601717798213,
      "ci_low": 0.2541351443337745,
      "ci_high": 0.6958648556662257,
      "cv_scores": [
        0.425,
        0.625,
        0.4,
        0.575,
        0.35
      ],
      "n_samples": 200
    },
    "3": {
      "accuracy": 0.76,
      "std": 0.033911649915626375,
      "ci_low": 0.6893846241869334,
      "ci_high": 0.8306153758130667,
      "cv_scores": [
        0.75,
        0.8,
        0.7,
        0.775,
        0.775
      ],
      "n_samples": 200
    },
    "4": {
      "accuracy": 0.8,
      "std": 0.03535533905932736,
      "ci_low": 0.7263783814445915,
      "ci_high": 0.8736216185554085,
      "cv_scores": [
        0.8,
        0.775,
        0.75,
        0.825,
        0.85
      ],
      "n_samples": 200
    },
    "5": {
      "accuracy": 0.8150000000000001,
      "std": 0.043588989435406726,
      "ci_low": 0.72423317273116,
      "ci_high": 0.9057668272688402,
      "cv_scores": [
        0.8,
        0.8,
        0.75,
        0.85,
        0.875
      ],
      "n_samples": 200
    },
    "6": {
      "accuracy": 0.85,
      "std": 0.035355339059327376,
      "ci_low": 0.7763783814445915,
      "ci_high": 0.9236216185554085,
      "cv_scores": [
        0.85,
        0.8,
        0.825,
        0.875,
        0.9
      ],
      "n_samples": 200
    },
    "7": {
      "accuracy": 0.95,
      "std": 0.031622776601683784,
      "ci_low": 0.8841508225186187,
      "ci_high": 1.0,
      "cv_scores": [
        0.95,
        0.95,
        0.9,
        0.95,
        1.0
      ],
      "n_samples": 200
    },
    "8": {
      "accuracy": 0.9800000000000001,
      "std": 0.018708286933869722,
      "ci_low": 0.9410431012368662,
      "ci_high": 1.0,
      "cv_scores": [
        1.0,
        0.95,
        0.975,
        0.975,
        1.0
      ],
      "n_samples": 200
    },
    "9": {
      "accuracy": 0.99,
      "std": 0.012247448713915901,