{
  "model_key": "qwen",
  "model_name": "Qwen/Qwen3-8B",
  "short_name": "qwen3-8b",
  "num_layers": 36,
  "hidden_dim": 4096,
  "n_harmful_prompts": 100,
  "n_harmless_prompts": 100,
  "peak_separation_layer": 35,
  "peak_separation_value": 214.30911254882812,
  "peak_separation_fraction": 0.9722222222222222,
  "peak_probe_layer": 26,
  "peak_probe_accuracy": 0.9949999999999999,
  "peak_probe_fraction": 0.7222222222222222,
  "separation_by_layer": {
    "0": {
      "l2_separation": 1.0310516357421875,
      "cosine_similarity": 0.9932283163070679,
      "cosine_separation": 0.006771683692932129
    },
    "1": {
      "l2_separation": 1.165685772895813,
      "cosine_similarity": 0.9955783486366272,
      "cosine_separation": 0.004421651363372803
    },
    "2": {
      "l2_separation": 1.4564694166183472,
      "cosine_similarity": 0.9944003224372864,
      "cosine_separation": 0.005599677562713623
    },
    "3": {
      "l2_separation": 2.055734872817993,
      "cosine_similarity": 0.9908711910247803,
      "cosine_separation": 0.009128808975219727
    },
    "4": {
      "l2_separation": 2.720935106277466,
      "cosine_similarity": 0.9920651316642761,
      "cosine_separation": 0.007934868335723877
    },
    "5": {
      "l2_separation": 3.967679262161255,
      "cosine_similarity": 0.9921963810920715,
      "cosine_separation": 0.007803618907928467
    },
    "6": {
      "l2_separation": 4.689894199371338,
      "cosine_similarity": 0.9924259781837463,
      "cosine_separation": 0.007574021816253662
    },
    "7": {
      "l2_separation": 4.9468841552734375,
      "cosine_similarity": 0.991706907749176,
      "cosine_separation": 0.008293092250823975
    },
    "8": {
      "l2_separation": 5.475437641143799,
      "cosine_similarity": 0.991658627986908,
      "cosine_separation": 0.008341372013092041
    },
    "9": {
      "l2_separation": 5.805875778198242,
      "cosine_similarity": 0.9912846088409424,
      "cosine_separation": 0.008715391159057617
    },
    "10": {
      "l2_separation": 5.759824752807617,
      "cosine_similarity": 0.9919473528862,
      "cosine_separation": 0.008052647113800049
    },
    "11": {
      "l2_separation": 6.26076078414917,
      "cosine_similarity": 0.9909514784812927,
      "cosine_separation": 0.009048521518707275
    },
    "12": {
      "l2_separation": 6.55330753326416,
      "cosine_similarity": 0.9907979965209961,
      "cosine_separation": 0.009202003479003906
    },
    "13": {
      "l2_separation": 6.864333629608154,
      "cosine_similarity": 0.9909533858299255,
      "cosine_separation": 0.009046614170074463
    },
    "14": {
      "l2_separation": 7.2396745681762695,
      "cosine_similarity": 0.9913334250450134,
      "cosine_separation": 0.008666574954986572
    },
    "15": {
      "l2_separation": 8.191307067871094,
      "cosine_similarity": 0.9897618293762207,
      "cosine_separation": 0.010238170623779297
    },
    "16": {
      "l2_separation": 10.601962089538574,
      "cosine_similarity": 0.9857060313224792,
      "cosine_separation": 0.014293968677520752
    },
    "17": {
      "l2_separation": 12.091858863830566,
      "cosine_similarity": 0.9848289489746094,
      "cosine_separation": 0.015171051025390625
    },
    "18": {
      "l2_separation": 19.160934448242188,
      "cosine_similarity": 0.9677286148071289,
      "cosine_separation": 0.032271385192871094
    },
    "19": {
      "l2_separation": 24.784439086914062,
      "cosine_similarity": 0.9600808620452881,
      "cosine_separation": 0.039919137954711914
    },
    "20": {
      "l2_separation": 27.04415512084961,
      "cosine_similarity": 0.958363950252533,
      "cosine_separation": 0.04163604974746704
    },
    "21": {
      "l2_separation": 30.163558959960938,
      "cosine_similarity": 0.957735002040863,
      "cosine_separation": 0.04226499795913696
    },
    "22": {
      "l2_separation": 38.95622634887695,
      "cosine_similarity": 0.9519401788711548,
      "cosine_separation": 0.048059821128845215
    },
    "23": {
      "l2_separation": 46.52543258666992,
      "cosine_similarity": 0.9506146907806396,
      "cosine_separation": 0.04938530921936035
    },
    "24": {
      "l2_separation": 54.80529022216797,
      "cosine_similarity": 0.9488913416862488,
      "cosine_separation": 0.05110865831375122
    },
    "25": {
      "l2_separation": 65.47254180908203,
      "cosine_similarity": 0.9486097693443298,
      "cosine_separation": 0.051390230655670166
    },
    "26": {
      "l2_separation": 76.89484405517578,
      "cosine_similarity": 0.9465476870536804,
      "cosine_separation": 0.05345231294631958
    },
    "27": {
      "l2_separation": 93.4769287109375,
      "cosine_similarity": 0.9374608397483826,
      "cosine_separation": 0.06253916025161743
    },
    "28": {
      "l2_separation": 103.66793060302734,
      "cosine_similarity": 0.9425824284553528,
      "cosine_separation": 0.05741757154464722
    },
    "29": {
      "l2_separation": 114.23735809326172,
      "cosine_similarity": 0.9484268426895142,
      "cosine_separation": 0.05157315731048584
    },
    "30": {
      "l2_separation": 129.85556030273438,
      "cosine_similarity": 0.9514755010604858,
      "cosine_separation": 0.04852449893951416
    },
    "31": {
      "l2_separation": 142.3132781982422,
      "cosine_similarity": 0.9545648694038391,
      "cosine_separation": 0.04543513059616089
    },
    "32": {
      "l2_separation": 151.14382934570312,
      "cosine_similarity": 0.9611351490020752,
      "cosine_separation": 0.038864850997924805
    },
    "33": {
      "l2_separation": 165.17697143554688,
      "cosine_similarity": 0.9640858173370361,
      "cosine_separation": 0.03591418266296387
    },
    "34": {
      "l2_separation": 184.5289764404297,
      "cosine_similarity": 0.9796983599662781,
      "cosine_separation": 0.020301640033721924
    },
    "35": {
      "l2_separation": 214.30911254882812,
      "cosine_similarity": 0.9129687547683716,
      "cosine_separation": 0.08703124523162842
    }
  },
  "probe_by_layer": {
    "0": {
      "accuracy": 0.49000000000000005,
      "std": 0.048989794855663564,
      "ci_low": 0.3879868929012615,
      "ci_high": 0.5920131070987386,
      "cv_scores": [
        0.525,
        0.525,
        0.4,
        0.475,
        0.525
      ],
      "n_samples": 200
    },
    "1": {
      "accuracy": 0.595,
      "std": 0.07483314773547882,
      "ci_low": 0.43917240494746457,
      "ci_high": 0.7508275950525354,
      "cv_scores": [
        0.6,
        0.6,
        0.5,
        0.55,
        0.725
      ],
      "n_samples": 200
    },
    "2": {
      "accuracy": 0.58,
      "std": 0.05787918451395114,
      "ci_low": 0.45947621609755007,
      "ci_high": 0.7005237839024498,
      "cv_scores": [
        0.575,
        0.675,
        0.5,
        0.55,
        0.6
      ],
      "n_samples": 200
    },
    "3": {
      "accuracy": 0.6900000000000001,
      "std": 0.029999999999999975,
      "ci_low": 0.6275299851330496,
      "ci_high": 0.7524700148669505,
      "cv_scores": [
        0.65,
        0.725,
        0.675,
        0.725,
        0.675
      ],
      "n_samples": 200
    },
    "4": {
      "accuracy": 0.72,
      "std": 0.018708286933869726,
      "ci_low": 0.6810431012368661,
      "ci_high": 0.7589568987631339,
      "cv_scores": [
        0.7,
        0.75,
        0.725,
        0.725,
        0.7
      ],
      "n_samples": 200
    },
    "5": {
      "accuracy": 0.72,
      "std": 0.04301162633521314,
      "ci_low": 0.6304354354462506,
      "ci_high": 0.8095645645537494,
      "cv_scores": [
        0.725,
        0.75,
        0.65,
        0.7,
        0.775
      ],
      "n_samples": 200
    },
    "6": {
      "accuracy": 0.6849999999999999,
      "std": 0.06442049363362563,
      "ci_low": 0.5508550268323705,
      "ci_high": 0.8191449731676294,