{
  "model_key": "mistral",
  "model_name": "mistralai/Mistral-7B-Instruct-v0.3",
  "short_name": "mistral-7b",
  "num_layers": 32,
  "hidden_dim": 4096,
  "n_harmful_prompts": 100,
  "n_harmless_prompts": 100,
  "peak_separation_layer": 31,
  "peak_separation_value": 4.58599853515625,
  "peak_separation_fraction": 0.96875,
  "peak_probe_layer": 16,
  "peak_probe_accuracy": 0.8649999999999999,
  "peak_probe_fraction": 0.5,
  "separation_by_layer": {
    "0": {
      "l2_separation": 0.03602592647075653,
      "cosine_similarity": 0.965340793132782,
      "cosine_separation": 0.03465920686721802
    },
    "1": {
      "l2_separation": 0.05858249589800835,
      "cosine_similarity": 0.9385058283805847,
      "cosine_separation": 0.06149417161941528
    },
    "2": {
      "l2_separation": 0.09205857664346695,
      "cosine_similarity": 0.9403609037399292,
      "cosine_separation": 0.0596390962600708
    },
    "3": {
      "l2_separation": 0.13351848721504211,
      "cosine_similarity": 0.9282228350639343,
      "cosine_separation": 0.07177716493606567
    },
    "4": {
      "l2_separation": 0.18105097115039825,
      "cosine_similarity": 0.9337974190711975,
      "cosine_separation": 0.06620258092880249
    },
    "5": {
      "l2_separation": 0.23841869831085205,
      "cosine_similarity": 0.922782838344574,
      "cosine_separation": 0.07721716165542603
    },
    "6": {
      "l2_separation": 0.3063530921936035,
      "cosine_similarity": 0.9387871026992798,
      "cosine_separation": 0.061212897300720215
    },
    "7": {
      "l2_separation": 0.38110944628715515,
      "cosine_similarity": 0.93824303150177,
      "cosine_separation": 0.06175696849822998
    },
    "8": {
      "l2_separation": 0.45834699273109436,
      "cosine_similarity": 0.9438889622688293,
      "cosine_separation": 0.056111037731170654
    },
    "9": {
      "l2_separation": 0.5262936353683472,
      "cosine_similarity": 0.9365194439888,
      "cosine_separation": 0.06348055601119995
    },
    "10": {
      "l2_separation": 0.6077136397361755,
      "cosine_similarity": 0.9456307291984558,
      "cosine_separation": 0.05436927080154419
    },
    "11": {
      "l2_separation": 0.6811856627464294,
      "cosine_similarity": 0.9490048289299011,
      "cosine_separation": 0.05099517107009888
    },
    "12": {
      "l2_separation": 0.7732087969779968,
      "cosine_similarity": 0.9413473606109619,
      "cosine_separation": 0.058652639389038086
    },
    "13": {
      "l2_separation": 0.8670346736907959,
      "cosine_similarity": 0.9480030536651611,
      "cosine_separation": 0.05199694633483887
    },
    "14": {
      "l2_separation": 0.946506917476654,
      "cosine_similarity": 0.9588626623153687,
      "cosine_separation": 0.04113733768463135
    },
    "15": {
      "l2_separation": 1.0813562870025635,
      "cosine_similarity": 0.9538929462432861,
      "cosine_separation": 0.04610705375671387
    },
    "16": {
      "l2_separation": 1.2321993112564087,
      "cosine_similarity": 0.9480192065238953,
      "cosine_separation": 0.051980793476104736
    },
    "17": {
      "l2_separation": 1.3881511688232422,
      "cosine_similarity": 0.9535197019577026,
      "cosine_separation": 0.04648029804229736
    },
    "18": {
      "l2_separation": 1.5892025232315063,
      "cosine_similarity": 0.9494616389274597,
      "cosine_separation": 0.05053836107254028
    },
    "19": {
      "l2_separation": 1.8071858882904053,
      "cosine_similarity": 0.9506499767303467,
      "cosine_separation": 0.04935002326965332
    },
    "20": {
      "l2_separation": 2.0124478340148926,
      "cosine_similarity": 0.9521599411964417,
      "cosine_separation": 0.04784005880355835
    },
    "21": {
      "l2_separation": 2.1933188438415527,
      "cosine_similarity": 0.9523979425430298,
      "cosine_separation": 0.047602057456970215
    },
    "22": {
      "l2_separation": 2.3724701404571533,
      "cosine_similarity": 0.9544012546539307,
      "cosine_separation": 0.045598745346069336
    },
    "23": {
      "l2_separation": 2.526373863220215,
      "cosine_similarity": 0.9576431512832642,
      "cosine_separation": 0.04235684871673584
    },
    "24": {
      "l2_separation": 2.676809549331665,
      "cosine_similarity": 0.958440899848938,
      "cosine_separation": 0.04155910015106201
    },
    "25": {
      "l2_separation": 2.8214802742004395,
      "cosine_similarity": 0.9612825512886047,
      "cosine_separation": 0.038717448711395264
    },
    "26": {
      "l2_separation": 3.0157346725463867,
      "cosine_similarity": 0.9602056741714478,
      "cosine_separation": 0.039794325828552246
    },
    "27": {
      "l2_separation": 3.167997121810913,
      "cosine_similarity": 0.964169442653656,
      "cosine_separation": 0.035830557346343994
    },
    "28": {
      "l2_separation": 3.454894542694092,
      "cosine_similarity": 0.9638190269470215,
      "cosine_separation": 0.036180973052978516
    },
    "29": {
      "l2_separation": 3.8664042949676514,
      "cosine_similarity": 0.9669368267059326,
      "cosine_separation": 0.03306317329406738
    },
    "30": {
      "l2_separation": 4.246788024902344,
      "cosine_similarity": 0.9654399752616882,
      "cosine_separation": 0.03456002473831177
    },
    "31": {
      "l2_separation": 4.58599853515625,
      "cosine_similarity": 0.9386120438575745,
      "cosine_separation": 0.06138795614242554
    }
  },
  "probe_by_layer": {
    "0": {
      "accuracy": 0.54,
      "std": 0.04636809247747852,
      "ci_low": 0.44344615245265945,
      "ci_high": 0.6365538475473407,
      "cv_scores": [
        0.5,
        0.5,
        0.525,
        0.625,
        0.55
      ],
      "n_samples": 200
    },
    "1": {
      "accuracy": 0.575,
      "std": 0.06892024376045108,
      "ci_low": 0.4314850449216923,
      "ci_high": 0.7185149550783076,
      "cv_scores": [
        0.525,
        0.525,
        0.6,
        0.7,
        0.525
      ],
      "n_samples": 200
    },
    "2": {
      "accuracy": 0.6050000000000001,
      "std": 0.048476798574163295,
      "ci_low": 0.5040551224123286,
      "ci_high": 0.7059448775876715,
      "cv_scores": [
        0.675,
        0.525,
        0.6,
        0.6,
        0.625
      ],
      "n_samples": 200
    },
    "3": {
      "accuracy": 0.66,
      "std": 0.05830951894845301,
      "ci_low": 0.5385801161468471,
      "ci_high": 0.781419883853153,
      "cv_scores": [
        0.65,
        0.575,
        0.725,
        0.725,
        0.625
      ],
      "n_samples": 200
    },
    "4": {
      "accuracy": 0.6950000000000001,
      "std": 0.03674234614174766,
      "ci_low": 0.6184901696759462,
      "ci_high": 0.771509830324054,
      "cv_scores": [
        0.725,
        0.625,
        0.725,
        0.7,
        0.7
      ],
      "n_samples": 200
    },
    "5": {
      "accuracy": 0.725,
      "std": 0.02738612787525829,
      "ci_low": 0.6679729394828136,
      "ci_high": 0.7820270605171864,
      "cv_scores": [
        0.675,
        0.725,
        0.75,
        0.75,
        0.725
      ],
      "n_samples": 200
    },
    "6": {
      "accuracy": 0.735,
      "std": 0.037416573867739444,
      "ci_low": 0.6570862024737322,
      "ci_high": 0.8129137975262678,
      "cv_scores": [
        0.725,
        0.7,
        0.7,
        0.75,
        0.8
      ],
      "n_samples": 200
    },
    "7": {
      "accuracy": 0.79,
      "std": 0.02999999999999997,
      "ci_low": 0.7275299851330497,
      "ci_high": 0.8524700148669504,
      "cv_scores": [
        0.775,
        0.775,
        0.825,
        0.75,
        0.825
      ],
      "n_samples": 200
    },
    "8": {
      "accuracy": 0.7950000000000002,
      "std": 0.043011626335213125,
      "ci_low": 0.7054354354462508,
      "ci_high": 0.8845645645537495,
      "cv_scores": [
        0.8,
        0.775,
        0.85,
        0.725,
        0.825
      ],
      "n_samples": 200
    },
    "9": {
      "accuracy": 0.825,